,unique_call_stacks,total_runtimes,severity,TotalRuntimeSum(AllFunc)
0,8ceacb,4480722,1.0,101734494.0
1,87461d,206,0.1,
2,12bfcb,87,0.1,
3,b6e2ab,22,0.1,
4,c0da70,2,0.1,
5,67220c,203,0.1,
6,724feb,17,0.1,
7,319149,2,0.1,
8,30d6df,2,0.1,
9,64f6c9,2,0.1,
10,dd36c8,2,0.1,
11,d395d0,10,0.1,
12,b16b31,3,0.1,
13,28cd3e,49,0.1,
14,359fd9,1591,0.1,
15,541d2a,7,0.1,
16,afffb5,9,0.1,
17,b6bdd7,2,0.1,
18,2069c8,3052,0.1,
19,453837,7,0.1,
20,ae09db,59,0.1,
21,98e0b8,69,0.1,
22,434f3e,17,0.1,
23,23ab40,40,0.1,
24,049792,15,0.1,
25,ca7fc5,7,0.1,
26,0b8ca7,7,0.1,
27,f453aa,14,0.1,
28,2bf899,1392,0.1,
29,51fb53,646,0.1,
30,3df2a7,394,0.1,
31,a4d2fa,388,0.1,
32,66e151,15254,0.1,
33,4755ee,7,0.1,
34,ab4702,4,0.1,
35,d6019d,67,0.1,
36,4d8f78,89,0.1,
37,acc87e,225,0.1,
38,c4a079,88,0.1,
39,c375b1,338,0.1,
40,f3ed35,2,0.1,
41,7f3e2e,10,0.1,
42,64e37e,1,0.1,
43,c5bff7,1,0.1,
44,7c17b9,2,0.1,
45,7cbda3,1,0.1,
46,78d593,1,0.1,
47,9d49d3,1,0.1,
48,1cbd13,1,0.1,
49,730139,1,0.1,
50,895fcd,1,0.1,
51,231ac7,1,0.1,
52,0a2d4a,2,0.1,
53,9cf925,212,0.1,
54,51c80f,21,0.1,
55,43f505,65,0.1,
56,e81f78,65,0.1,
57,d64d08,370,0.1,
58,feef13,349,0.1,
59,6a3682,369,0.1,
60,829c69,175,0.1,
61,f9ccfb,14,0.1,
62,c1b8f9,11,0.1,
63,ed0ce1,9,0.1,
64,e8e121,6,0.1,
65,af7269,12,0.1,
66,8ceacb,4480722,0.1,
67,25efa9,6,0.1,
68,6f6987,12,0.1,
69,5253f9,29,0.1,
70,61a3b0,4777032,1.0,
71,a68a1d,29,0.1,
72,3254f6,2,0.1,
73,2f9f3d,77,0.1,
74,dba39f,57,0.1,
75,0f1432,59,0.1,
76,ba4c7a,126,0.1,
77,c9d1b2,3,0.1,
78,65a2e3,166,0.1,
79,eafb98,134,0.1,
80,3ed95a,99,0.1,
81,c02f29,6693,0.1,
82,00e17b,12,0.1,
83,32921d,8,0.1,
84,0d5fef,10,0.1,
85,e1c07c,9,0.1,
86,6ddb53,9,0.1,
87,6e2243,10,0.1,
88,c6add1,6,0.1,
89,030cda,8,0.1,
90,61a3b0,4777032,0.1,
91,ab582f,616,0.1,
92,71e090,204,0.1,
93,0be46c,17,0.1,
94,766012,41,0.1,
95,67eb37,29,0.1,
96,e7f96d,195,0.1,
97,78747c,184,0.1,
98,90099d,197,0.1,
99,335d62,2,0.1,
100,ca98a2,0,0.1,
101,e67fc4,1,0.1,
102,216f2d,1,0.1,
103,b4f2ae,1,0.1,
104,48a281,2,0.1,
105,6aef95,1,0.1,
106,c26970,1,0.1,
107,e65524,48,0.1,
108,42e223,10,0.1,
109,fcea38,20,0.1,
110,6b1bb8,29,0.1,
111,d13bcf,29,0.1,
112,f63107,413,0.1,
113,09905c,458,0.1,
114,12680b,500,0.1,
115,896efa,540,0.1,
116,fea8ff,70,0.1,
117,df9dae,13,0.1,
118,d29343,59,0.1,
119,f79a7e,2827,0.1,
120,ef8326,2896,0.1,
121,1660f5,216,0.1,
122,0f7c9c,232,0.1,
123,206e65,14,0.1,
124,388210,10,0.1,
125,4afe3a,10,0.1,
126,9fb045,56,0.1,
127,ca6d8f,55,0.1,
128,cceaf2,43,0.1,
129,5a0405,40,0.1,
130,f14265,61,0.1,
131,8456e4,40,0.1,
132,47112a,40,0.1,
133,bc745d,5,0.1,
134,807a9e,65,0.1,
135,f0754e,63,0.1,
136,a84002,40,0.1,
137,c3d9f1,59,0.1,
138,37e685,19,0.1,
139,c988c6,20,0.1,
140,408b26,15,0.1,
141,39ea42,15,0.1,
142,82a221,17,0.1,
143,52b741,20,0.1,
144,823b18,33,0.1,
145,b4ee8e,37,0.1,
146,680d29,14,0.1,
147,47b3f9,14,0.1,
148,68f41f,13,0.1,
149,ad2b05,13,0.1,
150,d076bf,26,0.1,
151,cbf21c,26,0.1,
152,3f7034,21,0.1,
153,2e1531,19,0.1,
154,44085a,1349,0.1,
155,7dd237,1329,0.1,
156,6057c1,3,0.1,
157,088635,4,0.1,
158,09b892,15,0.1,
159,5dbcfa,11,0.1,
160,91f814,3,0.1,
161,b0d925,16,0.1,
162,ec941f,6,0.1,
163,df052b,9,0.1,
164,27ebc1,8,0.1,
165,341f56,1310,0.1,
166,92319e,1265,0.1,
167,2e4166,2,0.1,
168,afda42,2,0.1,
169,f82f2b,44,0.1,
170,5af6e3,49,0.1,
171,220627,753,0.1,
172,345f87,778,0.1,
173,2db8c4,3,0.1,
174,099aa4,8,0.1,
175,e0c1a2,10,0.1,
176,f54642,1,0.1,
177,be3905,27,0.1,
178,e9a9c4,34,0.1,
179,0ecb0e,8,0.1,
180,46b9aa,8,0.1,
181,94ef99,11,0.1,
182,6a2336,1,0.1,
183,c65929,8,0.1,
184,341ef9,8,0.1,
185,25cbf4,8,0.1,
186,37b91c,6,0.1,
187,b16a80,6,0.1,
188,b32316,12,0.1,
189,f1727d,2,0.1,
190,106ab6,2,0.1,
191,5444ab,2,0.1,
192,389fba,3,0.1,
193,eafe3f,697,0.1,
194,46baf4,697,0.1,
195,7d819a,992,0.1,
196,333f21,990,0.1,
197,d46469,6,0.1,
198,25fc0c,101,0.1,
199,15b19d,113,0.1,
200,fcfd2b,40,0.1,
201,3aa29f,28,0.1,
202,78adc9,6141,0.1,
203,47c2ae,6187,0.1,
204,e52f6e,24,0.1,
205,b86232,12,0.1,
206,93c45b,14,0.1,
207,9a8cf4,31,0.1,
208,1d11d3,9,0.1,
209,ddec38,27,0.1,
210,bf0378,9,0.1,
211,da67fc,20,0.1,
212,3fd0a8,24,0.1,
213,ce1af6,118,0.1,
214,136934,31,0.1,
215,3f1797,93,0.1,
216,7e1709,36,0.1,
217,2cd3a5,13,0.1,
218,06b681,16,0.1,
219,4c664b,13,0.1,
220,b13847,17,0.1,
221,c0a965,8,0.1,
222,e79d3b,8,0.1,
223,c1dea2,18,0.1,
224,3a343f,30,0.1,
225,0da776,15,0.1,
226,5c6add,15,0.1,
227,ae15ea,6,0.1,
228,50dbcd,1450,0.1,
229,388978,12639,0.1,
230,b9ada7,6350,0.1,
231,eee9a0,5,0.1,
232,5412f9,5,0.1,
233,984191,5,0.1,
234,462aab,10,0.1,
235,f9392b,4,0.1,
236,f7dd60,174,0.1,
237,ee42ff,820,0.1,
238,61655a,103,0.1,
239,8439aa,589,0.1,
240,393ac8,31,0.1,
241,1a6baf,221,0.1,
242,f8f6a6,6,0.1,
243,481c2b,3,0.1,
244,81dcba,3,0.1,
245,6fd644,5,0.1,
246,be4679,6,0.1,
247,12d3aa,62,0.1,
248,5a1de1,58,0.1,
249,68a897,70,0.1,
250,b7e86d,73,0.1,
251,705525,238,0.1,
252,2257f7,70,0.1,
253,99645d,168,0.1,
254,2630aa,58,0.1,
255,6de094,317,0.1,
256,fd590d,12,0.1,
257,3ad00c,20,0.1,
258,08d54a,3,0.1,
259,cd54b8,3092,0.1,
260,760fdd,14,0.1,
261,975983,165,0.1,
262,b41436,30,0.1,
263,e389df,143,0.1,
264,a7efa3,79,0.1,
265,3a1bbc,34,0.1,
266,d3caf0,143,0.1,
267,d9ad50,45,0.1,
268,df6362,1772,0.1,
269,286c90,9,0.1,
270,316fbf,61,0.1,
271,b99f00,11,0.1,
272,d6957e,8,0.1,
273,42879d,3,0.1,
274,2b6699,287,0.1,
275,e4de92,67,0.1,
276,83f247,1,0.1,
277,715d57,1,0.1,
278,939763,31,0.1,
279,7fe198,1,0.1,
280,a7748f,1,0.1,
281,9e9a4d,7,0.1,
282,9f08c4,3,0.1,
283,1d7e6c,9,0.1,
284,9b6e8c,4854,0.1,
285,f8afe7,123,0.1,
286,09dd66,510,0.1,
287,f25b4e,378,0.1,
288,fbaff9,12,0.1,
289,f67872,8715,0.1,
290,d25250,9,0.1,
291,cacf7d,40,0.1,
292,c412c1,9,0.1,
293,9f22de,11,0.1,
294,a7ac3e,2,0.1,
295,ace71f,2,0.1,
296,1f4dda,5,0.1,
297,580e84,2,0.1,
298,7baf21,365,0.1,
299,1ec810,21,0.1,
300,99920b,83,0.1,
301,3a649c,39,0.1,
302,a094e6,19,0.1,
303,5b8527,44,0.1,
304,978d49,53,0.1,
305,b61294,58,0.1,
306,e2b00c,11,0.1,
307,4a905c,182,0.1,
308,f1901a,447,0.1,
309,b7c54d,156,0.1,
310,2b9d15,26,0.1,
311,43c86c,18,0.1,
312,27dd0d,228,0.1,
313,4cb377,191,0.1,
314,301bdd,25,0.1,
315,586af3,21,0.1,
316,9f108a,32,0.1,
317,a27336,10,0.1,
318,a43aaf,105,0.1,
319,42d144,10,0.1,
320,25da6a,15,0.1,
321,7e5715,14,0.1,
322,3ea002,14,0.1,
323,74d0f4,15,0.1,
324,fb517d,16,0.1,
325,96b1ea,10,0.1,
326,34674f,8,0.1,
327,879a0e,8,0.1,
328,1d1188,8,0.1,
329,2e2954,8,0.1,
330,017be9,39,0.1,
331,424ee4,38,0.1,
332,55f00a,21,0.1,
333,2bdb06,37,0.1,
334,defc4a,32,0.1,
335,f152d8,35,0.1,
336,d666bd,23,0.1,
337,ba0eac,10,0.1,
338,59ff39,12,0.1,
339,97d911,19,0.1,
340,0f2f13,15,0.1,
341,17e84b,24,0.1,
342,29f66a,19,0.1,
343,4220f8,18,0.1,
344,825172,16,0.1,
345,d2df92,20,0.1,
346,ae8246,16,0.1,
347,cbd40b,102,0.1,
348,a49d2e,91,0.1,
349,d029d5,97,0.1,
350,2a0a20,22,0.1,
351,800daf,21,0.1,
352,b944d0,14,0.1,
353,4f3887,16,0.1,
354,f37b6a,16,0.1,
355,cefb15,17,0.1,
356,664a84,18,0.1,
357,0a9d1e,36,0.1,
358,4ad46e,36,0.1,
359,012b97,3,0.1,
360,3118f3,9,0.1,
361,1e1c1f,6,0.1,
362,c4c3b1,5229,0.1,
363,a7514b,3190,0.1,
364,427b65,1446,0.1,
365,ad6632,1493,0.1,
366,9d7f6d,32861,0.1,
367,6b6f90,12,0.1,
368,3519ad,5,0.1,
369,c8681b,14,0.1,
370,aed3e5,12,0.1,
371,94a05e,8,0.1,
372,3d1a69,12,0.1,
373,61f8fb,28,0.1,
374,f3024a,100,0.1,
375,1ede10,186,0.1,
376,1a0deb,195,0.1,
377,038b28,14,0.1,
378,f65f30,12,0.1,
379,948882,21,0.1,
380,febd28,13,0.1,
381,5cc46e,4,0.1,
382,bf125c,829,0.1,
383,a4287c,72,0.1,
384,b05c7d,157,0.1,
385,879ddb,816,0.1,
386,6e7cf0,172,0.1,
387,a5d5cb,341,0.1,
388,b32edc,78,0.1,
389,ef708d,171,0.1,
390,846497,5,0.1,
391,24be3d,8,0.1,
392,f5ea6c,8,0.1,
393,05aaf7,4,0.1,
394,1f45bd,86,0.1,
395,4345e3,56,0.1,
396,2e48be,98,0.1,
397,ab7e84,6358,0.1,
398,de0dec,25,0.1,
399,41b5ef,37,0.1,
400,3fdcdb,26,0.1,
401,806c51,100,0.1,
402,e1dff6,10,0.1,
403,7aa910,19,0.1,
404,c0c4d3,15,0.1,
405,383e24,383,0.1,
406,145697,1364,0.1,
407,59757f,8,0.1,
408,e2b55e,15,0.1,
409,6d3b61,20,0.1,
410,c9cbfb,32,0.1,
411,180f51,143,0.1,
412,d2a04e,280,0.1,
413,eca9e4,12,0.1,
414,2a3b18,336,0.1,
415,dcc610,167,0.1,
416,b21d32,814,0.1,
417,409f7b,5,0.1,
418,5be719,4301919,1.0,
419,350b1e,13558,0.1,
420,7de2ba,16433,0.1,
421,a565ca,11455,0.1,
422,f37635,8308,0.1,
423,233a55,4233023,0.9,
424,071148,4,0.1,
425,28fed4,11,0.1,
426,e96280,10,0.1,
427,f9aa19,4,0.1,
428,e5c18d,20,0.1,
429,b558c8,3,0.1,
430,0c6bb3,3,0.1,
431,f8a840,6,0.1,
432,d7266e,4,0.1,
433,747692,3,0.1,
434,4fd0ad,0,0.1,
435,9cbaaf,972,0.1,
436,e3f59a,3,0.1,
437,490b57,3482,0.1,
438,94471d,48,0.1,
439,730afe,13,0.1,
440,9fee23,12,0.1,
441,878e2b,11,0.1,
442,f14de9,10,0.1,
443,926173,48,0.1,
444,1c041b,14,0.1,
445,9d26c9,125,0.1,
446,8160d1,312,0.1,
447,96ce15,285,0.1,
448,053949,81,0.1,
449,1423a0,5869,0.1,
450,49593c,8479,0.1,
451,11c182,3580,0.1,
452,d9a426,8413,0.1,
453,0531bc,5,0.1,
454,4da65a,5,0.1,
455,b9121e,2,0.1,
456,d84390,2,0.1,
457,3ab6c6,36,0.1,
458,800f51,37,0.1,
459,56dc6f,3,0.1,
460,3fd06f,4,0.1,
461,0e110a,3,0.1,
462,eb305e,4,0.1,
463,7701fc,4,0.1,
464,91ea8e,4,0.1,
465,16f1b9,5,0.1,
466,227476,4,0.1,
467,08d53d,3,0.1,
468,1f9e0a,4,0.1,
469,93f41a,3,0.1,
470,a9c1a0,4,0.1,
471,0bad78,3,0.1,
472,f20c81,3,0.1,
473,409625,3,0.1,
474,1d5fcc,4,0.1,
475,b4b1bd,0,0.1,
476,6603d9,404,0.1,
477,37de0c,1177,0.1,
478,a622dc,621,0.1,
479,cbf3d8,357,0.1,
480,146097,239,0.1,
481,95879d,567,0.1,
482,b17561,1,0.1,
483,1e9e23,1063,0.1,
484,fbf174,399,0.1,
485,aaadb3,1164,0.1,
486,d7f3ab,605,0.1,
487,9f7538,400,0.1,
488,f0f108,614,0.1,
489,943d6c,225,0.1,
490,074172,96,0.1,
491,db8018,4316326,1.0,
492,4ac790,3,0.1,
493,0140e0,3960066,0.9,
494,c750c2,3012,0.1,
495,5f5558,5,0.1,
496,9392ad,12,0.1,
497,b4b839,14,0.1,
498,11a3e0,0,0.1,
499,cba746,17,0.1,
500,fb8716,0,0.1,
501,6f19b3,0,0.1,
502,61f3f8,3,0.1,
503,bee4cb,3,0.1,
504,42847b,3,0.1,
505,af2969,5,0.1,
506,bcd3f6,3,0.1,
507,ef5bbe,3,0.1,
508,1ca4a0,3,0.1,
509,d8a232,34,0.1,
510,94c073,4,0.1,
511,7d00f3,2,0.1,
512,c1161e,5,0.1,
513,ad993f,579,0.1,
514,174d91,50,0.1,
515,ad1053,511,0.1,
516,0b014c,155,0.1,
517,75abbf,564,0.1,
518,c6391c,136,0.1,
519,f22869,151,0.1,
520,1d81fb,146,0.1,
521,9e1ea1,226,0.1,
522,508c05,636,0.1,
523,3df6a3,246,0.1,
524,a2e446,335,0.1,
525,24a6bb,2,0.1,
526,2b75d5,2,0.1,
527,243a74,3,0.1,
528,404b62,3,0.1,
529,d57b38,3,0.1,
530,3551fd,3,0.1,
531,d2eb5e,3,0.1,
532,7ebc0c,2,0.1,
533,92c36c,2,0.1,
534,f6d819,2,0.1,
535,0d8899,3460,0.1,
536,4f64b6,3712,0.1,
537,403cf3,3624,0.1,
538,96918f,0,0.1,
539,a38cd1,15,0.1,
540,a6dfca,12,0.1,
541,270d3b,19,0.1,
542,6ece53,17,0.1,
543,2a436a,14,0.1,
544,2f516f,14,0.1,
545,001e38,12,0.1,
546,5d5b48,16,0.1,
547,bc5b16,10,0.1,
548,cf4146,11,0.1,
549,80b777,14,0.1,
550,7017b7,1,0.1,
551,2a1ab3,3,0.1,
552,2fa856,22,0.1,
553,05b509,13,0.1,
554,76d30b,2134,0.1,
555,fec71e,6276,0.1,
556,8a448d,4224,0.1,
557,9a90f7,11842,0.1,
558,ca0e76,29,0.1,
559,5f75bf,757,0.1,
560,9c53ac,59,0.1,
561,442b45,9,0.1,
562,a7f8b6,55,0.1,
563,c85077,0,0.1,
564,ebeeec,0,0.1,
565,b6adf6,0,0.1,
566,6c1167,0,0.1,
567,510943,0,0.1,
568,aa967c,0,0.1,
569,b0fa77,227,0.1,
570,d13531,342,0.1,
571,e7ac2e,343,0.1,
572,3f73a3,318,0.1,
573,9491a5,386,0.1,
574,abf252,594,0.1,
575,8aa095,1162,0.1,
576,1188b6,349,0.1,
577,aeca1a,387,0.1,
578,998699,1066,0.1,
579,abadd5,652,0.1,
580,7996b0,212,0.1,
581,8ee230,142,0.1,
582,41f54d,143,0.1,
583,ca494c,176,0.1,
584,705177,202,0.1,
585,ddc09b,206,0.1,
586,a38887,528,0.1,
587,a619e3,140,0.1,
588,92203e,167,0.1,
589,8139bc,487,0.1,
590,b8c578,128,0.1,
591,53b764,38,0.1,
592,eaf557,22691,0.1,
593,3428a6,5999,0.1,
594,9005ff,13,0.1,
595,e56006,15,0.1,
596,ef855e,17,0.1,
597,1e85a2,7405,0.1,
598,15c095,26,0.1,
599,af289f,17,0.1,
600,284a6d,14,0.1,
601,7ec022,24,0.1,
602,1a09b7,3,0.1,
603,327264,25,0.1,
604,49e7cd,327,0.1,
605,cf52f4,7296,0.1,
606,557c26,14,0.1,
607,365fcf,21,0.1,
608,c628bb,44,0.1,
609,45db4c,165,0.1,
610,aa522a,14,0.1,
611,ac19a6,16,0.1,
612,80f839,16,0.1,
613,234906,7070,0.1,
614,03d855,828038,0.2,
615,bd4f69,114,0.1,
616,120ccc,33,0.1,
617,7679e6,15,0.1,
618,658140,11,0.1,
619,551768,16,0.1,
620,109061,9,0.1,
621,5c2424,15,0.1,
622,aa8c2b,5,0.1,
623,8cd195,2078,0.1,
624,44f9c7,2005,0.1,
625,0b89f0,12,0.1,
626,7c4a3c,12,0.1,
627,798ffa,13,0.1,
628,05014b,11,0.1,
629,0b21fa,4,0.1,
630,a05780,17,0.1,
631,0b31c2,8617,0.1,
632,9980c2,1085,0.1,
633,e3e950,409,0.1,
634,6ac82e,330,0.1,
635,b7d7db,37,0.1,
636,b561d1,28,0.1,
637,f20dcb,17514,0.1,
638,a64f9c,5880,0.1,
639,827bd3,8488,0.1,
640,62cc53,4248,0.1,
641,a95872,46,0.1,
642,5b1968,19,0.1,
643,dfbfcf,174,0.1,
644,4edf8b,17,0.1,
645,719025,11,0.1,
646,23073b,280,0.1,
647,fc348a,8300,0.1,
648,aaddd2,40,0.1,
649,72366a,3,0.1,
650,4d2c3a,8826,0.1,
651,401ebb,89,0.1,
652,a05b31,389,0.1,
653,2cd5fe,71228,0.1,
654,35b905,224,0.1,
655,c18436,38,0.1,
656,198d5b,11,0.1,
657,044049,9,0.1,
658,274929,16,0.1,
659,12b349,229,0.1,
660,05e1ad,16,0.1,
661,30891e,213,0.1,
662,241059,292,0.1,
663,ac8421,9163,0.1,
664,4640c2,361,0.1,
665,b80ce8,12,0.1,
666,96251d,9,0.1,
667,e89de8,16,0.1,
668,917fb7,17,0.1,
669,3b2dbc,25,0.1,
670,d6147f,76,0.1,
671,2383ec,15,0.1,
672,7371f2,52,0.1,
673,308f1c,6833,0.1,
674,908c04,25,0.1,
675,5f96d7,18,0.1,
676,ffb1bd,16,0.1,
677,b4bf20,124,0.1,
678,f8cb24,104,0.1,
679,4c743f,47,0.1,
680,ff3d18,18,0.1,
681,5b7120,1938,0.1,
682,b63691,1436,0.1,
683,6ca723,25,0.1,
684,4223c9,12,0.1,
685,781a1b,335,0.1,
686,5ea266,278,0.1,
687,54827c,136,0.1,
688,a5d528,265,0.1,
689,794d46,17,0.1,
690,a9d0e8,13,0.1,
691,470c59,837,0.1,
692,28420f,88,0.1,
693,20d7d5,460,0.1,
694,37e9e3,2468,0.1,
695,06f0ea,701,0.1,
696,7ef92f,1267,0.1,
697,3f7b17,4445848,1.0,
698,a2e4fd,9855,0.1,
699,651b19,34843,0.1,
700,dd748b,14081,0.1,
701,4f4178,14626,0.1,
702,148514,1734,0.1,
703,b77357,36,0.1,
704,9ce47d,11278,0.1,
705,05356b,4214,0.1,
706,3c5e0b,5769,0.1,
707,22e0e1,11,0.1,
708,ff9b9e,17881,0.1,
709,a27175,5951,0.1,
710,4d9411,8373,0.1,
711,3fd9cd,13,0.1,
712,22de76,12,0.1,
713,042a21,3270,0.1,
714,3e02d5,25,0.1,
715,7633d4,43,0.1,
716,7d9f97,3,0.1,
717,ae4686,51,0.1,
718,1a04a9,8514,0.1,
719,5d1c6f,8142,0.1,
720,7eb751,156,0.1,
721,d05405,121,0.1,
722,4d6ecc,251,0.1,
723,0dc63b,34200,0.1,
724,bd222a,18440,0.1,
725,b4cbbf,4989,0.1,
726,9fc1fe,5000,0.1,
727,04b884,16071,0.1,
728,f09a36,15921,0.1,
729,2991a6,2565,0.1,
730,601491,35,0.1,
731,617f84,26,0.1,
732,fd388b,23,0.1,
733,db73d9,24,0.1,
734,427fd7,58,0.1,
735,de3a76,4526452,1.0,
736,1e9f65,16,0.1,
737,2384ad,3,0.1,
738,864cc1,95,0.1,
739,f8604a,3,0.1,
740,aed8b1,45,0.1,
741,0ed385,5,0.1,
742,9b554e,5,0.1,
743,e964f6,22,0.1,
744,5463ec,23066,0.1,
745,c8fbb5,6707,0.1,
746,aa54c9,3,0.1,
747,475eae,4,0.1,
748,e35a94,3,0.1,
749,acce1e,5,0.1,
750,d03072,20,0.1,
751,a187fa,337,0.1,
752,23030e,16043,0.1,
753,56075d,9,0.1,
754,89fcc5,862,0.1,
755,88b8ee,7551,0.1,
756,80da8e,855,0.1,
757,9042fe,357,0.1,
758,0ba236,598,0.1,
759,4a2860,347,0.1,
760,e33c05,310,0.1,
761,0a0b9c,199,0.1,
762,9c3426,386,0.1,
763,cee316,187,0.1,
764,00e2bd,11,0.1,
765,37e3b7,13,0.1,
766,8b4377,2,0.1,
767,ba9bd1,9,0.1,
768,a520ba,14,0.1,
769,4c6514,4,0.1,
770,fec565,15,0.1,
771,3aa6ac,10,0.1,
772,fb5bda,15,0.1,
773,c6cf54,15,0.1,
774,f63fc4,4,0.1,
775,5d0496,12,0.1,
776,bcc643,13,0.1,
777,b55f05,11,0.1,
778,6e1b58,7,0.1,
779,956842,12,0.1,
780,d2ae89,4,0.1,
781,e82c24,284,0.1,
782,c747aa,20,0.1,
783,ae65c8,11,0.1,
784,c98c13,10,0.1,
785,cf176f,27,0.1,
786,d82eef,15,0.1,
787,8232d2,18,0.1,
788,49e4d7,456,0.1,
789,a0520d,5,0.1,
790,cda3ed,5,0.1,
791,5f83ca,5,0.1,
792,d6c8fe,6166,0.1,
793,1300fc,9,0.1,
794,6a546d,5954,0.1,
795,1c95c6,6689,0.1,
796,2f2061,17,0.1,
797,b76144,5643,0.1,
798,adc532,25,0.1,
799,79f946,9,0.1,
800,3e7cef,5,0.1,
801,14b133,13,0.1,
802,221978,7,0.1,
803,36b68a,5,0.1,
804,5b0cec,20,0.1,
805,0b5593,62,0.1,
806,a14ac2,6468,0.1,
807,1bc313,86,0.1,
808,0a8980,553,0.1,
809,ff088e,222,0.1,
810,3ffc93,15,0.1,
811,8aa6ab,14,0.1,
812,9f21e2,13,0.1,
813,2b6962,1809,0.1,
814,89a798,13,0.1,
815,868da9,11,0.1,
816,e1e25f,168207,0.1,
817,77f8fc,201,0.1,
818,626362,18,0.1,
819,5563ea,18,0.1,
820,d28134,3,0.1,
821,b05a22,8,0.1,
822,56b053,1956,0.1,
823,e86ab8,68,0.1,
824,ae307e,4,0.1,
825,e93d3c,26,0.1,
826,74c0fc,21,0.1,
827,791603,3,0.1,
828,501288,34,0.1,
829,404aeb,5,0.1,
830,5e7fc2,23,0.1,
831,fbd5ac,23,0.1,
832,e95a74,28,0.1,
833,741756,2188,0.1,
834,3a3a8e,729,0.1,
835,1c1c52,1693,0.1,
836,bb6c86,17068,0.1,
837,4757b2,14125,0.1,
838,05a8b3,14404,0.1,
839,74e4d0,7548,0.1,
840,8d8309,5125,0.1,
841,498ebb,6,0.1,
842,ef2995,1,0.1,
843,2d54bd,3,0.1,
844,a2b257,355,0.1,
845,4d503e,9508,0.1,
846,c1a945,12,0.1,
847,1aa8d4,11,0.1,
848,9556ec,102,0.1,
849,87bb45,306,0.1,
850,bf41ab,298,0.1,
851,412843,14,0.1,
852,5b810e,37,0.1,
853,2d5d23,13,0.1,
854,163495,251,0.1,
855,ac4d2f,57,0.1,
856,dfb3e1,54,0.1,
857,b090e3,3,0.1,
858,10fb8b,18,0.1,
859,3c6cb5,14,0.1,
860,7db0b3,10,0.1,
861,f68dc6,10,0.1,
862,981ac9,5,0.1,
863,7ec61c,707,0.1,
864,8fa525,1232,0.1,
865,184eec,750,0.1,
866,ae9900,718,0.1,
867,63a433,1275,0.1,
868,b8ce10,2209,0.1,
869,759029,705,0.1,
870,e09db7,1213,0.1,
871,014fe2,2452,0.1,
872,8798d6,1217,0.1,
873,0a7ef5,1701,0.1,
874,b29e41,705,0.1,
875,f0a41b,6012,0.1,
876,ac0aac,2009,0.1,
877,497c77,14430,0.1,
878,51caf6,4624,0.1,
879,d5b38f,8766,0.1,
880,d54e98,741,0.1,
881,38ccae,85,0.1,
882,526741,5401,0.1,
883,5c35bb,4,0.1,
884,c376ef,1,0.1,
885,a3c021,709,0.1,
886,80ee84,13,0.1,
887,2a394b,160,0.1,
888,a332b4,13,0.1,
889,c29ee7,24,0.1,
890,4626f0,32,0.1,
891,3243d5,684,0.1,
892,af7c85,6,0.1,
893,4af69f,4569,0.1,
894,0a4b58,3,0.1,
895,fb1803,5,0.1,
896,4e69da,49,0.1,
897,659575,6587,0.1,
898,9d3dd9,4,0.1,
899,05ddf0,13,0.1,
900,2dd297,65,0.1,
901,bc0e54,5941,0.1,
902,a8ec3c,5,0.1,
903,46a94d,5,0.1,
904,351fd4,6680,0.1,
905,441cb6,6656,0.1,
906,2f169c,9,0.1,
907,b4d141,22,0.1,
908,edde40,5,0.1,
909,fd4f35,5,0.1,
910,f148fa,18,0.1,
911,ba7217,5823,0.1,
912,753276,3,0.1,
913,0d8355,4,0.1,
914,1bb7aa,9576,0.1,
915,05bcf3,12,0.1,
916,923bd4,69,0.1,
917,f2626f,40,0.1,
918,8feed3,9422,0.1,
919,e1dc00,15,0.1,
920,3386aa,293,0.1,
921,f7d06f,445,0.1,
922,766c76,82,0.1,
923,5476f4,13,0.1,
924,912de3,14,0.1,
925,0a5b18,101,0.1,
926,d9dec1,9,0.1,
927,eb68f9,739,0.1,
928,7cfc4c,9,0.1,
929,9de84c,14,0.1,
930,6e4290,3,0.1,
931,c3af3d,1106,0.1,
932,45363d,5,0.1,
933,344012,5,0.1,
934,dbed94,5706,0.1,
935,2f4c36,5896,0.1,
936,f16368,763,0.1,
937,6e85ea,4,0.1,
938,d3e1c5,5510,0.1,
939,85f202,5690,0.1,
940,9463aa,8217,0.1,
941,d79bf0,54,0.1,
942,2a40ca,6726,0.1,
943,008b41,18,0.1,
944,7a254e,34,0.1,
945,fe0991,16,0.1,
946,a6a108,122,0.1,
947,b06122,16,0.1,
948,e37715,3976,0.1,
949,bd358d,4142,0.1,
950,c6915d,18,0.1,
951,c59c7d,96,0.1,
952,10e7bf,1429,0.1,
953,b12ff0,14,0.1,
954,3fcd6f,20,0.1,
955,563ece,18,0.1,
956,f0a66a,128,0.1,
957,fa9a27,346,0.1,
958,cba081,11,0.1,
959,2c442b,25,0.1,
960,f41f2f,27075,0.1,
961,2766bd,6080,0.1,
962,e2149b,3,0.1,
963,9e356e,3,0.1,
964,e755b4,18,0.1,
965,4df972,22,0.1,
966,f231e0,21,0.1,
967,7fc7cb,4,0.1,
968,b305c4,2054,0.1,
969,87288a,38,0.1,
970,76dddb,11118,0.1,
971,64b98e,5364,0.1,
972,c867fe,17,0.1,
973,fbd2e5,17,0.1,
974,77adc6,21,0.1,
975,a16abb,8100,0.1,
976,7edb8b,5,0.1,
977,650df0,4,0.1,
978,9c7514,4,0.1,
979,ff43a5,3,0.1,
980,0dbc99,3,0.1,
981,5bab9c,368,0.1,
982,88c982,316,0.1,
983,e7a794,24,0.1,
984,c6581f,3293,0.1,
985,9bd774,23428,0.1,
986,ac5e9e,402,0.1,
987,3fed9b,4,0.1,
988,88d4b1,5311,0.1,
989,1f91ad,11,0.1,
990,315dc8,9,0.1,
991,1cb03a,8,0.1,
992,1be927,7787,0.1,
993,cef69b,8529,0.1,
994,5a6ebf,9555,0.1,
995,4af7b4,8052,0.1,
996,1d8fa7,7593,0.1,
997,4b002d,11,0.1,
998,65b2da,17,0.1,
999,f38b67,7821,0.1,
1000,494138,8345,0.1,
1001,e01e3f,24,0.1,
1002,0b4748,4,0.1,
1003,a2eb28,19,0.1,
1004,672c00,5,0.1,
1005,d6dafe,5,0.1,
1006,88354e,5,0.1,
1007,92b8ba,7465,0.1,
1008,c73a31,4330,0.1,
1009,0dfb74,8214,0.1,
1010,d0648d,4853,0.1,
1011,f10fca,19,0.1,
1012,240414,40,0.1,
1013,919558,2047,0.1,
1014,2e7437,383279,0.1,
1015,c72a5a,212,0.1,
1016,bc8ad3,70,0.1,
1017,09c6b1,25,0.1,
1018,2439d5,22,0.1,
1019,665b05,1115,0.1,
1020,77ee10,10852,0.1,
1021,59e95a,18098,0.1,
1022,a682ae,150,0.1,
1023,bc8f26,128,0.1,
1024,d3e35c,5,0.1,
1025,6215aa,3,0.1,
1026,d7f5ae,14,0.1,
1027,e4f0a6,64,0.1,
1028,51eb37,6773,0.1,
1029,49b045,3,0.1,
1030,a5f0d0,226,0.1,
1031,1082c2,227,0.1,
1032,b47125,65,0.1,
1033,9980a2,12,0.1,
1034,859cc3,8,0.1,
1035,241bea,52,0.1,
1036,071227,6707,0.1,
1037,50b0a9,19,0.1,
1038,f18b96,64,0.1,
1039,86e0ab,4,0.1,
1040,43f69e,5,0.1,
1041,e0534e,6524,0.1,
1042,9891a9,12,0.1,
1043,0c7793,26,0.1,
1044,6ec724,11,0.1,
1045,bfb511,27,0.1,
1046,f00da6,24,0.1,
1047,18fae4,3104,0.1,
1048,cd1aa5,17766,0.1,
1049,cbfafe,5754,0.1,
1050,5c2460,8118,0.1,
1051,7e5974,260,0.1,
1052,c2d522,14,0.1,
1053,8cd089,12,0.1,
1054,713e2f,8184,0.1,
1055,b7538b,8202,0.1,
1056,ed2218,14,0.1,
1057,cc150d,49,0.1,
1058,8d418b,29,0.1,
1059,b41296,9856,0.1,
1060,73b18f,58,0.1,
1061,e69755,6825,0.1,
1062,4ddc75,25,0.1,
1063,a70507,16,0.1,
1064,d1f8c3,21,0.1,
1065,2ba81c,17,0.1,
1066,ae3ddb,121,0.1,
1067,06a9e2,39,0.1,
1068,33e09c,11,0.1,
1069,9953e5,99,0.1,
1070,0f2b23,11,0.1,
1071,27f2b3,33,0.1,
1072,7e6fde,10,0.1,
1073,f03a95,25,0.1,
1074,e37c2c,174,0.1,
1075,e84b4d,358,0.1,
1076,bafed6,11,0.1,
1077,31bff6,2077,0.1,
1078,3c80af,13,0.1,
1079,72d0eb,3,0.1,
1080,46786b,3,0.1,
1081,c975c1,286,0.1,
1082,1d6796,28,0.1,
1083,aa1499,963,0.1,
1084,4f264f,1356,0.1,
1085,075f0c,10190,0.1,
1086,b1edb1,37540,0.1,
1087,0a7d84,5696,0.1,
1088,a30348,4,0.1,
1089,1c384d,11,0.1,
1090,59904c,27,0.1,
1091,06271b,15,0.1,
1092,ca65fd,4,0.1,
1093,fbad51,4,0.1,
1094,ba52b8,13,0.1,
1095,f5067f,13,0.1,
1096,494d1f,5,0.1,
1097,ac4b83,28999,0.1,
1098,92c477,585,0.1,
1099,4272b1,393,0.1,
1100,656ad9,598,0.1,
1101,594f2b,389,0.1,
1102,51d849,199,0.1,
1103,cf26f3,311,0.1,
1104,7ad766,212,0.1,
1105,12af24,302,0.1,
1106,7b8b34,51,0.1,
1107,929e39,22,0.1,
1108,3b2161,5,0.1,
1109,0618ad,4,0.1,
1110,4927ee,5,0.1,
1111,483201,6,0.1,
1112,9f4ae9,18234,0.1,
1113,320b38,5499,0.1,
1114,5de4d6,6,0.1,
1115,966098,4,0.1,
1116,ecadfe,5864,0.1,
1117,199588,24,0.1,
1118,e88f31,5,0.1,
1119,504ae3,3,0.1,
1120,9b1639,7235,0.1,
1121,0cca13,6333,0.1,
1122,a7d130,3,0.1,
1123,4a0808,3,0.1,
1124,b28dcd,13,0.1,
1125,f41103,7470,0.1,
1126,584194,6779,0.1,
1127,d62e86,4,0.1,
1128,f88841,13,0.1,
1129,875d30,11,0.1,
1130,4fa0f8,9586,0.1,
1131,215862,16,0.1,
1132,f080cf,15,0.1,
1133,9a3795,292,0.1,
1134,5819e4,8479,0.1,
1135,b1722a,172254,0.1,
1136,b9d4c7,217,0.1,
1137,36ecef,352,0.1,
1138,b5049a,5230,0.1,
1139,67b0cd,2176,0.1,
1140,a8915d,85,0.1,
1141,c4dbf6,10,0.1,
1142,11b453,1327,0.1,
1143,71264a,33,0.1,
1144,126a05,27,0.1,
1145,66c127,25,0.1,
1146,66885a,11,0.1,
1147,a81874,86,0.1,
1148,d92bc4,8,0.1,
1149,529b11,8,0.1,
1150,4e7f36,10,0.1,
1151,0189bc,9,0.1,
1152,d8e220,8,0.1,
1153,a566ea,5905,0.1,
1154,46d64d,17,0.1,
1155,5c4d8d,4,0.1,
1156,891f07,6014,0.1,
1157,27a03e,16,0.1,
1158,870ac1,14,0.1,
1159,eafcbd,6282,0.1,
1160,7710c1,46,0.1,
1161,a1b45c,6269,0.1,
1162,9b54dc,13,0.1,
1163,71b566,38,0.1,
1164,6aa50b,17454,0.1,
1165,759a89,5684,0.1,
1166,3b858b,8320,0.1,
1167,098ef5,51,0.1,
1168,b0299f,6719,0.1,
1169,78c2f8,18,0.1,
1170,605a8b,85,0.1,
1171,c91c21,134,0.1,
1172,d9e865,1247,0.1,
1173,a1b310,22,0.1,
1174,12b909,22,0.1,
1175,d1b86b,20,0.1,
1176,e06434,15,0.1,
1177,c66041,12,0.1,
1178,42f5ae,33,0.1,
1179,47189f,1406,0.1,
1180,66b259,1372,0.1,
1181,26346c,60,0.1,
1182,7ed1c7,67,0.1,
1183,8b942b,1422,0.1,
1184,eb6fed,69,0.1,
1185,73e443,15,0.1,
1186,c3f545,16,0.1,
1187,f70242,20,0.1,
1188,965a5f,1419,0.1,
1189,fb2e59,83,0.1,
1190,ceb3be,10,0.1,
1191,5f7583,11,0.1,
1192,8a218f,12,0.1,
1193,fe130a,29,0.1,
1194,213964,29,0.1,
1195,718c11,60,0.1,
1196,da7ed4,21,0.1,
1197,056566,27,0.1,
1198,302178,8,0.1,
1199,2b25be,1,0.1,
1200,aedbea,10,0.1,
1201,cb5863,22,0.1,
1202,af18e0,19,0.1,
1203,be7aca,18,0.1,
1204,c80bf3,18,0.1,
1205,6efafc,18,0.1,
1206,d17f72,20,0.1,
1207,e10c4b,18,0.1,
1208,714ac1,22,0.1,
1209,236536,113,0.1,
1210,dd8afa,96,0.1,
1211,1c1da9,106,0.1,
1212,db3f68,105,0.1,
1213,f0f11d,20,0.1,
1214,3de47b,25,0.1,
1215,de466a,1388,0.1,
1216,f7aceb,91,0.1,
1217,bee106,8,0.1,
1218,af2a1c,4,0.1,
1219,9b0204,3,0.1,
1220,37dc00,4107,0.1,
1221,8e9cda,17,0.1,
1222,c99660,13,0.1,
1223,8cb7cd,2038,0.1,
1224,cc5ca0,22,0.1,
1225,2f3cc2,20,0.1,
1226,8abc1e,3271,0.1,
1227,0da2a6,4192,0.1,
1228,0bd345,9,0.1,
1229,80a027,100,0.1,
1230,f98308,11,0.1,
1231,124720,1458,0.1,
1232,8ea113,12034,0.1,
1233,0c34fa,18,0.1,
1234,d40f92,23,0.1,
1235,aac1c4,17,0.1,
1236,f26b00,123,0.1,
1237,0e8cd3,283,0.1,
1238,7b8c3c,149,0.1,
1239,e90706,361,0.1,
1240,a114f2,395,0.1,
1241,68449d,3,0.1,
1242,f8d4be,4,0.1,
1243,d5a96e,11,0.1,
1244,c447fe,5895,0.1,
1245,be6851,78,0.1,
1246,36da48,26,0.1,
1247,1e40c8,4,0.1,
1248,7a47de,8,0.1,
1249,73c189,22,0.1,
1250,518f41,18,0.1,
1251,1fbb81,5,0.1,
1252,ad61ef,3,0.1,
1253,a2d02c,27,0.1,
1254,8afdfa,11,0.1,
1255,16c97f,30670,0.1,
1256,c909ee,4,0.1,
1257,ad5d99,3,0.1,
1258,ba8ce7,6030,0.1,
1259,82ab5a,6598,0.1,
1260,6a8bc5,8124,0.1,
1261,ee5939,4,0.1,
1262,40278f,8610,0.1,
1263,18377e,7217,0.1,
1264,458c91,5,0.1,
1265,144949,4344,0.1,
1266,066ea9,6256,0.1,
1267,743881,7161,0.1,
1268,cc6c47,4,0.1,
1269,e27c29,18,0.1,
1270,c5b245,15,0.1,
1271,70723b,8219,0.1,
1272,e82aed,19435,0.1,
1273,e26fe0,2168,0.1,
1274,933c44,17,0.1,
1275,01d5d6,33,0.1,
1276,21f42c,31,0.1,
1277,ab83f1,2173,0.1,
1278,9de6cf,14,0.1,
1279,d8bc7c,9,0.1,
1280,dd7e17,140,0.1,
1281,57b346,140,0.1,
1282,445065,185958,0.1,
1283,f0e391,342,0.1,
1284,b2b06c,110,0.1,
1285,42e342,56,0.1,
1286,de288e,20,0.1,
1287,3fca6e,46,0.1,
1288,925872,44,0.1,
1289,1f461f,52,0.1,
1290,3a2686,52,0.1,
1291,cb36b2,9,0.1,
1292,cf8c10,23,0.1,
1293,7f922f,25,0.1,
1294,a8a169,21,0.1,
1295,e23634,17,0.1,
1296,ee02cf,852,0.1,
1297,8caf56,850,0.1,
1298,eca4e1,1669,0.1,
1299,acf9c5,100,0.1,
1300,2d31c9,100,0.1,
1301,bdaeaf,24,0.1,
1302,636757,21,0.1,
1303,8b3071,8,0.1,
1304,a53495,9,0.1,
1305,b4819e,4,0.1,
1306,0ca7bc,5,0.1,
1307,21560e,5,0.1,
1308,4ce6b0,5,0.1,
1309,faaade,5,0.1,
1310,51f82a,10425,0.1,
1311,ab08ac,10,0.1,
1312,13ef8c,10,0.1,
1313,796a18,2,0.1,
1314,884741,2,0.1,
1315,c7ba4f,361,0.1,
1316,d62709,8345,0.1,
1317,3f7762,136,0.1,
1318,671234,18,0.1,
1319,811e5b,19,0.1,
1320,3015d8,36,0.1,
1321,f0d2fc,4410,0.1,
1322,b17823,25,0.1,
1323,64bdd2,68,0.1,
1324,b4a54a,16,0.1,
1325,f1f2ea,22,0.1,
1326,d278ed,231,0.1,
1327,57669c,300,0.1,
1328,f9a8ad,373,0.1,
1329,d376be,4,0.1,
1330,ebd7e8,17,0.1,
1331,3f8f41,6783,0.1,
1332,ca1f1a,3,0.1,
1333,b4924b,3,0.1,
1334,505a8e,4,0.1,
1335,3fb10d,287,0.1,
1336,c6812f,100,0.1,
1337,666119,95,0.1,
1338,e8a183,161,0.1,
1339,a39b15,277,0.1,
1340,9a3dd7,363,0.1,
1341,1f7f7a,372,0.1,
1342,39e865,370,0.1,
1343,685f87,362,0.1,
1344,f3d6cb,129,0.1,
1345,6cdf77,373,0.1,
1346,55b030,387,0.1,
1347,5d9169,371,0.1,
1348,3075d2,278,0.1,
1349,d278e8,359,0.1,
1350,b737ba,260,0.1,
1351,211349,14,0.1,
1352,c18ec9,17,0.1,
1353,6cfee2,5786,0.1,
1354,df8745,23,0.1,
1355,4525f8,34,0.1,
1356,ce8dd3,71,0.1,
1357,768e1a,19,0.1,
1358,94baa5,13,0.1,
1359,e1de57,347,0.1,
1360,5d3194,200,0.1,
1361,7ceb9a,3356,0.1,
1362,e9c414,3076,0.1,
1363,d62dba,80,0.1,
1364,97f351,86,0.1,
1365,d7a7a7,15,0.1,
1366,fec015,350,0.1,
1367,c41fd6,16,0.1,
1368,377641,14,0.1,
1369,804f1b,16,0.1,
1370,0ae0d2,33,0.1,
1371,def12a,27,0.1,
1372,a911c5,12,0.1,
1373,05b9d5,188,0.1,
1374,cad0e8,19407,0.1,
1375,282cc7,7,0.1,
1376,a6777a,15,0.1,
1377,c0667b,11,0.1,
1378,b1b9e1,259,0.1,
1379,f60b34,942,0.1,
1380,e045c7,7,0.1,
1381,6a1b37,7064,0.1,
1382,5fa2ab,12,0.1,
1383,4640ed,5471,0.1,
1384,40e627,8298,0.1,
1385,cdd6fe,8106,0.1,
1386,7e7bb5,8400,0.1,
1387,6ec9da,13,0.1,
1388,136a95,47,0.1,
1389,1df451,26,0.1,
1390,bc56e9,9816,0.1,
1391,4916fb,16,0.1,
1392,49bf4e,6577,0.1,
1393,6d1d53,25,0.1,
1394,886b97,15,0.1,
1395,294ed1,28,0.1,
1396,4618f5,95,0.1,
1397,929211,21,0.1,
1398,b17e2b,22,0.1,
1399,240a49,49,0.1,
1400,858ef3,26,0.1,
1401,19a2c1,18,0.1,
1402,1d92d7,5,0.1,
1403,2ba23b,43,0.1,
1404,2d70c1,103,0.1,
1405,0115b4,1440,0.1,
1406,99a634,9,0.1,
1407,9615af,24,0.1,
1408,3a6198,16,0.1,
1409,bfcfd1,273,0.1,
1410,f26d0e,391,0.1,
1411,f29c8f,34842,0.1,
1412,947399,35899,0.1,
1413,04b146,19819,0.1,
1414,24aaa1,30,0.1,
1415,3b64d7,7442,0.1,
1416,c2ea3c,6351,0.1,
1417,1d02bd,2102,0.1,
1418,88b5c8,25,0.1,
1419,c96882,17,0.1,
1420,b5c6f7,641,0.1,
1421,840409,15,0.1,
1422,a38d0b,5,0.1,
1423,8df9a9,3,0.1,
1424,a4c3a3,3,0.1,
1425,5d5792,379,0.1,
1426,41c18a,34,0.1,
1427,878a80,3238,0.1,
1428,fa1ba0,24294,0.1,
1429,30f369,5878,0.1,
1430,7cd602,4,0.1,
1431,327f89,16,0.1,
1432,6f180a,30,0.1,
1433,49345e,5,0.1,
1434,bdbed5,4,0.1,
1435,2f1b2e,4,0.1,
1436,b931a5,4,0.1,
1437,3c8aee,4,0.1,
1438,eebd58,29637,0.1,
1439,b5bdf7,19,0.1,
1440,b1a189,12,0.1,
1441,3b706a,6419,0.1,
1442,65278b,6106,0.1,
1443,14b2a4,7,0.1,
1444,01ee3d,7601,0.1,
1445,65c4ae,6544,0.1,
1446,ab9448,14,0.1,
1447,dcbb55,10089,0.1,
1448,f424a8,91,0.1,
1449,07298c,14,0.1,
1450,f3625f,41,0.1,
1451,3b1563,8,0.1,
1452,b8e698,15,0.1,
1453,ebd426,290,0.1,
1454,34460c,8840,0.1,
1455,cd6979,90494,0.1,
1456,be3bbd,36,0.1,
1457,5ad304,15,0.1,
1458,32350c,6,0.1,
1459,788a2f,67,0.1,
1460,98cc3f,10,0.1,
1461,527d2a,97,0.1,
1462,97faa6,6118,0.1,
1463,bf3d1e,4,0.1,
1464,41d2a9,16088,0.1,
1465,c8306f,3,0.1,
1466,78e6cb,6106,0.1,
1467,cc35d3,15,0.1,
1468,f5576e,28,0.1,
1469,c75c4a,7400,0.1,
1470,426358,6219,0.1,
1471,134a5a,7243,0.1,
1472,b8a0a6,60,0.1,
1473,ac7f54,1402,0.1,
1474,1ee20f,23,0.1,
1475,1536af,23,0.1,
1476,af277d,20,0.1,
1477,d864e9,46,0.1,
1478,d76055,1453,0.1,
1479,48b27b,1424,0.1,
1480,b41fc5,62,0.1,
1481,acb697,61,0.1,
1482,db06c0,1449,0.1,
1483,d4248e,1416,0.1,
1484,0f6ea7,19,0.1,
1485,4ef7e1,20,0.1,
1486,1fe1ca,16,0.1,
1487,5e8b03,32,0.1,
1488,dfe427,29,0.1,
1489,894926,32,0.1,
1490,cbf844,19,0.1,
1491,a0bdd8,25,0.1,
1492,2c0e0e,22,0.1,
1493,1dd791,30,0.1,
1494,587e73,25,0.1,
1495,752655,31,0.1,
1496,2b57b1,22,0.1,
1497,10a0d6,97,0.1,
1498,048f6d,94,0.1,
1499,dc3f14,101,0.1,
1500,5db618,73,0.1,
1501,8362a4,104,0.1,
1502,9e9a99,22,0.1,
1503,60aa63,26,0.1,
1504,4606ed,22,0.1,
1505,3a1784,22,0.1,
1506,5f9c8a,23,0.1,
1507,7f3a0a,1462,0.1,
1508,3c9d0a,1419,0.1,
1509,8c9d40,20,0.1,
1510,71ea92,25,0.1,
1511,3b768e,20,0.1,
1512,d098d2,20,0.1,
1513,beeb07,10,0.1,
1514,f47e00,19,0.1,
1515,926ded,19,0.1,
1516,79bae7,22,0.1,
1517,871e43,22,0.1,
1518,676db9,10,0.1,
1519,2794ff,12,0.1,
1520,cb8d53,12,0.1,
1521,4eddd3,12,0.1,
1522,e4bf7e,12,0.1,
1523,f168bc,52,0.1,
1524,c3dd88,51,0.1,
1525,da6ecb,52,0.1,
1526,9716d1,27,0.1,
1527,54780e,27,0.1,
1528,0378b3,52,0.1,
1529,8a0ada,28,0.1,
1530,e526b0,43,0.1,
1531,7af9fc,177,0.1,
1532,da345a,71,0.1,
1533,b0732e,66,0.1,
1534,325c70,15,0.1,
1535,f7c8e0,16,0.1,
1536,1b3a3e,19,0.1,
1537,783220,3773,0.1,
1538,f92e6b,58,0.1,
1539,2c2465,83,0.1,
1540,697e37,9,0.1,
1541,84e309,17,0.1,
1542,65e589,14,0.1,
1543,448d6f,21,0.1,
1544,c16af3,29,0.1,
1545,8565fd,19,0.1,
1546,dee4ad,272,0.1,
1547,965ecf,146,0.1,
1548,c6f21f,352,0.1,
1549,74368e,352,0.1,
1550,d9eb0b,273,0.1,
1551,3c8127,298,0.1,
1552,aa7110,139,0.1,
1553,290268,3,0.1,
1554,f6ea83,1120,0.1,
1555,3d34d4,2167,0.1,
1556,71eb2e,778,0.1,
1557,ee0328,5733,0.1,
1558,296e65,26,0.1,
1559,85a920,31,0.1,
1560,9a118b,61,0.1,
1561,e8b374,19,0.1,
1562,c1d984,16,0.1,
1563,4ff7f1,4,0.1,
1564,579e73,3,0.1,
1565,d22dce,18,0.1,
1566,f7c08b,1,0.1,
1567,dd0024,14,0.1,
1568,0dc5e2,1426,0.1,
1569,3f86a3,1429,0.1,
1570,b8f74b,16,0.1,
1571,abea19,85,0.1,
1572,37e785,28,0.1,
1573,f986e3,197,0.1,
1574,030ccf,352,0.1,
1575,feb99a,24,0.1,
1576,230a8d,26,0.1,
1577,0a16da,26,0.1,
1578,d30396,94,0.1,
1579,59592c,96,0.1,
1580,b0ffd9,23,0.1,
1581,dadfb4,12,0.1,
1582,93d648,4,0.1,
1583,5e099a,29,0.1,
1584,b48ac5,28,0.1,
1585,359f2d,34,0.1,
1586,599399,20,0.1,
1587,6c7cca,15,0.1,
1588,a3e5da,273,0.1,
1589,de89fc,407,0.1,
1590,64ee38,31,0.1,
1591,543ea8,31,0.1,
1592,702ddf,32,0.1,
1593,328396,59,0.1,
1594,576de9,82,0.1,
1595,04e9aa,832,0.1,
1596,18d55b,16,0.1,
1597,ba948d,250,0.1,
1598,eff16d,903,0.1,
1599,480ccd,25,0.1,
1600,959290,791,0.1,
1601,c63121,1358,0.1,
1602,362185,1370,0.1,
1603,fe1bf4,1320,0.1,
1604,4ffbde,1394,0.1,
1605,8e87f6,1379,0.1,
1606,fb1ff5,1451,0.1,
1607,cc6e22,1252,0.1,
1608,254c9a,68,0.1,
1609,065a8f,1360,0.1,
1610,8629a1,1455,0.1,
1611,8de700,17,0.1,
1612,ead725,7515,0.1,
1613,377cfa,2190,0.1,
1614,72b674,53,0.1,
1615,c8aa36,11,0.1,
1616,726bdd,139,0.1,
1617,843bcb,150,0.1,
1618,53b54b,252,0.1,
1619,677bec,204,0.1,
1620,aa211a,68,0.1,
1621,fe3c08,41,0.1,
1622,d00000,65,0.1,
1623,c08e59,353,0.1,
1624,5c9050,128,0.1,
1625,5fd1c1,37,0.1,
1626,577128,75,0.1,
1627,1d3706,74,0.1,
1628,a873e3,8404,0.1,
1629,d6306e,2,0.1,
1630,eb47ab,3,0.1,
1631,f8e9f2,13,0.1,
1632,6798de,9060,0.1,
1633,7ace2a,17,0.1,
1634,7eb707,4,0.1,
1635,db2c56,156,0.1,
1636,8e5f0f,14,0.1,
1637,0aea8d,4,0.1,
1638,ac6086,7553,0.1,
1639,89c86a,19,0.1,
1640,e9d8c1,8641,0.1,
1641,292e4a,53,0.1,
1642,b50e61,20,0.1,
1643,6b9370,4,0.1,
1644,359e49,159,0.1,
1645,c67eff,46,0.1,
1646,ef6d2f,273,0.1,
1647,7baf85,13,0.1,
1648,449ca7,8474,0.1,
1649,303eca,20,0.1,
1650,c02ca8,388,0.1,
1651,115e2e,8703,0.1,
1652,31cfe9,4,0.1,
1653,e09cf9,1051,0.1,
1654,6bad0a,19,0.1,
1655,f793de,5,0.1,
1656,4af116,8,0.1,
1657,03df18,373,0.1,
1658,3f0a38,30,0.1,
1659,4ed836,10943,0.1,
1660,4f63c3,13,0.1,
1661,3d4eae,6559,0.1,
1662,419a24,10,0.1,
1663,7d4a5b,15,0.1,
1664,977a45,20,0.1,
1665,408989,20,0.1,
1666,aeca36,5,0.1,
1667,ee5ac2,7,0.1,
1668,7c253e,16,0.1,
1669,1670c0,6320,0.1,
1670,94673b,62,0.1,
1671,ac2ad4,10025,0.1,
1672,82a1b3,6189,0.1,
1673,75be43,47,0.1,
1674,a86f4e,6696,0.1,
1675,08ccea,354,0.1,
1676,ece502,15,0.1,
1677,0731cd,6636,0.1,
1678,739da2,6265,0.1,
1679,6f02f3,80,0.1,
1680,6528d1,10639,0.1,
1681,277835,3,0.1,
1682,f6d19c,7258,0.1,
1683,0a9f33,9,0.1,
1684,c70937,14,0.1,
1685,3ec781,14,0.1,
1686,d75699,216,0.1,
1687,33e162,147,0.1,
1688,224c46,25,0.1,
1689,682cec,5207,0.1,
1690,c4c89a,273,0.1,
1691,24c7cc,791,0.1,
1692,ba4738,248,0.1,
1693,a28e96,14,0.1,
1694,a41389,27,0.1,
1695,3e6e71,4,0.1,
1696,150131,131,0.1,
1697,fd2682,57,0.1,
1698,7e9a70,26,0.1,
1699,b36911,31,0.1,
1700,5832fb,4,0.1,
1701,18c59e,424,0.1,
1702,84b383,77,0.1,
1703,b21b18,4,0.1,
1704,f49dde,7,0.1,
1705,ec6fb2,7,0.1,
1706,b403cc,10036,0.1,
1707,21bb30,15,0.1,
1708,532116,58,0.1,
1709,b8cd76,8216,0.1,
1710,5a975f,7803,0.1,
1711,51727d,3,0.1,
1712,0a8527,400,0.1,
1713,6b55f4,5979,0.1,
1714,44d72d,18524,0.1,
1715,d9564b,2268,0.1,
1716,5ec6cf,26,0.1,
1717,d74cad,7810,0.1,
1718,c025d4,15,0.1,
1719,c4f262,4,0.1,
1720,37c17e,3,0.1,
1721,dbb67d,4,0.1,
1722,58481e,24,0.1,
1723,c39b75,7227,0.1,
1724,56dbb3,6351,0.1,
1725,32ce89,52,0.1,
1726,d6ad78,6001,0.1,
1727,52771d,625,0.1,
1728,ec15ab,8319,0.1,
1729,6847fe,18,0.1,
1730,c783a0,7930,0.1,
1731,7dbec2,8978,0.1,
1732,3ba1b9,7410,0.1,
1733,60b8d4,7030,0.1,
1734,727a50,7141,0.1,
1735,ad7a68,982,0.1,
1736,9baf54,29,0.1,
1737,fc0feb,6246,0.1,
1738,e0a608,6114,0.1,
1739,93513e,6613,0.1,
1740,be8c0e,16,0.1,
1741,36e1c3,7341,0.1,
1742,85fd6d,7506,0.1,
1743,3c7d24,6567,0.1,
1744,02131d,13,0.1,
1745,cbceb8,7,0.1,
1746,f624a9,8,0.1,
1747,abe037,10,0.1,
1748,a80620,7,0.1,
1749,58cfb2,7201,0.1,
1750,d30e2a,8818,0.1,
1751,9ddb4c,12,0.1,
1752,bbc8b8,10,0.1,
1753,b758df,9,0.1,
1754,5209fb,4,0.1,
1755,47e898,6266,0.1,
1756,01d796,26,0.1,
1757,c72e78,19,0.1,
1758,14e8be,13,0.1,
1759,97b2be,7320,0.1,
1760,632424,6632,0.1,
1761,6e9715,8576,0.1,
1762,40a4db,18410,0.1,
1763,07065b,16,0.1,
1764,2b21be,13,0.1,
1765,e6b86b,7729,0.1,
1766,19cf90,5964,0.1,
1767,74328e,7538,0.1,
1768,2620fc,10,0.1,
1769,f7d9d6,6,0.1,
1770,4fd4ba,1339,0.1,
1771,fb6e63,6464,0.1,
1772,71d3d4,42,0.1,
1773,a28a24,8957,0.1,
1774,86403f,6183,0.1,
1775,217011,7555,0.1,
1776,7d017b,10,0.1,
1777,46c5ab,778,0.1,
1778,30ea97,17,0.1,
1779,aa904f,395,0.1,
1780,0fd6b7,6,0.1,
1781,ea3bde,98,0.1,
1782,fa09c3,18,0.1,
1783,6759ba,7,0.1,
1784,0cf662,3720,0.1,
1785,fb284b,13,0.1,
1786,d6a685,15,0.1,
1787,f996b6,8533,0.1,
1788,66fe48,7973,0.1,
1789,f79c95,6684,0.1,
1790,20245c,16,0.1,
1791,e9c0da,19,0.1,
1792,6846ae,7548,0.1,
1793,8c565e,144,0.1,
1794,1c74c4,6737,0.1,
1795,4d52da,923,0.1,
1796,be0e23,28,0.1,
1797,e97201,27,0.1,
1798,af5ac5,8,0.1,
1799,559f64,18,0.1,
1800,103106,6865,0.1,
1801,29ed57,8,0.1,
1802,fc2b80,14,0.1,
1803,e15aa6,63,0.1,
1804,4ee34e,8,0.1,
1805,160f60,7539,0.1,
1806,663991,211,0.1,
1807,757798,43,0.1,
1808,9a8c3a,68,0.1,
1809,2a5229,7625,0.1,
1810,141b40,4,0.1,
1811,f5ff63,9,0.1,
1812,3da96a,10,0.1,
1813,8db675,7,0.1,
1814,075c49,107,0.1,
1815,6ddedf,9,0.1,
1816,2a5c99,16,0.1,
1817,901766,8717,0.1,
1818,536319,20,0.1,
1819,7c1cd4,4,0.1,
1820,a90649,2382,0.1,
1821,5932ad,11,0.1,
1822,af4059,681,0.1,
1823,5c599b,6218,0.1,
1824,8252e4,9817,0.1,
1825,1fee8b,6600,0.1,
1826,aeea9e,6669,0.1,
1827,dd35bd,1898,0.1,
1828,0acd2c,8,0.1,
1829,0eda78,16,0.1,
1830,32b802,11,0.1,
1831,3d58ab,11,0.1,
1832,1da41b,18,0.1,
1833,15bb95,89488,0.1,
1834,4e3518,21147,0.1,
1835,5d88be,10,0.1,
1836,af8825,9,0.1,
1837,041af3,110624,0.1,
1838,9dca2d,110639,0.1,
1839,ecd0e3,19,0.1,
1840,ce74b4,53,0.1,
1841,e2d747,11,0.1,
1842,14318b,15,0.1,
1843,45db98,17,0.1,
1844,e01ffc,47,0.1,
1845,7bf202,30,0.1,
1846,4a5b81,188182,0.1,
1847,9c4a98,68364,0.1,
1848,4d68bc,75,0.1,
1849,433072,24,0.1,
1850,1b389e,79,0.1,
1851,65757f,6976,0.1,
1852,b9b38c,31,0.1,
1853,466c4a,7189,0.1,
1854,987154,16,0.1,
1855,d98322,8284,0.1,
1856,e4b420,8400,0.1,
1857,abd17b,10,0.1,
1858,53de3c,10,0.1,
1859,df0ddb,1978,0.1,
1860,b0f1be,26,0.1,
1861,bbeb69,47,0.1,
1862,2e7d09,19,0.1,
1863,23e0aa,6640,0.1,
1864,96ebf2,8,0.1,
1865,1fa13f,6681,0.1,
1866,34b59a,20,0.1,
1867,d43ac7,7596,0.1,
1868,3aef02,6540,0.1,
1869,d59d58,24,0.1,
1870,72e19e,97,0.1,
1871,6bffff,14,0.1,
1872,5dae61,19,0.1,
1873,375227,139891,0.1,
1874,29f9d0,1558,0.1,
1875,54510d,96,0.1,
1876,519aef,23,0.1,
1877,46e056,58,0.1,
1878,50bdb9,17,0.1,
1879,057dfd,2,0.1,
1880,344b2b,3,0.1,
1881,a4fd42,4,0.1,
1882,24f15b,5,0.1,
1883,5c8a56,7,0.1,
1884,6e908a,7,0.1,
1885,1401b0,128,0.1,
1886,a8e581,64,0.1,
1887,b86fe6,117,0.1,
1888,0429c4,4,0.1,
1889,938ff0,5,0.1,
1890,9e8e91,56,0.1,
1891,647c27,275,0.1,
1892,090c0c,14,0.1,
1893,9f3516,5,0.1,
1894,55a178,5,0.1,
1895,f801de,1433,0.1,
1896,e6ebc8,3,0.1,
1897,d61778,5,0.1,
1898,c794d2,81,0.1,
1899,d388c1,61,0.1,
1900,aea185,64,0.1,
1901,ac4c1a,112,0.1,
1902,5f954e,113,0.1,
1903,2de981,22,0.1,
1904,8a4f8f,22,0.1,
1905,f10060,11,0.1,
1906,dc795f,11,0.1,
1907,379eed,24,0.1,
1908,e4674d,27,0.1,
1909,ad0ea0,78,0.1,
1910,054555,58,0.1,
1911,0c73c1,244,0.1,
